SheetRow,BusinessName,Website,Email
5,Dental Corner,https://www.mydentalcorner.ca/,
9,Dr. Sashpal Sandhu,https://drssandhu.com/,
12,Dr. Sonia Sharma,http://www.drsoniasharma.com/,
21,Healthy Smile Dental Hygiene - Dentist Brampton,https://healthysmiledentalhygiene.ca/,
22,Brampton North Dental,https://www.bramptonnorthdental.ca/,
23,OLDE TOWN MEDICAL CENTRE & PHARMACY,http://www.otbramptonclinic.com/,
26,Health+Plex Medical Centre,http://www.healthplex.ca/,
28,Cornerstone Medical Centre,http://cornerstonemedicalclinic.ca/,
30,Richvale Medical Centre,http://richvalemedical.ca/,
37,Heart Lake Health Centre,https://heartlakemed.com/,
39,Dr. Langer's Family Medicine and Walk-In Clinic,https://www.drlanger.ca/,
42,Brampton East Medical Centre,https://bramptoneastmedical.ca/,
45,UCC Physio - Brampton,https://www.uccphysio.com/,
46,Brampton Ortho Neuro Physiocare,https://www.bramptononphysio.com/,
51,Physiomed Brampton - Sandalwood,https://www.physiomed.ca/find-a-clinic/brampton-sandalwood/overview/,
59,Westbram Physio Brampton,https://www.westbramphysio.com/,
63,Animal Care Clinic,http://www.animalcareclinic.ca/,
65,Snelgrove Veterinary Services,http://www.snelgrovevet.com/,
71,Dixie Road Pet Clinic,http://www.dixieroadpet.com/,
75,"Emergency Veterinary Clinic, Hwy 10",http://www.emergencyvetbrampton.ca/,
80,Brookfield Veterinary Hospital,https://www.brookfieldvet.ca/,
85,Acumen Law Office,https://acumenlawoffice.ca/,
88,Law Office - TJS Law Professional Corporation,http://www.tjslaw.ca/,
89,Rutman & Rutman Professional Corporation,http://www.rutmanlaw.com/,
91,Wisdom Law Office,https://wisdomlawoffice.ca/,
93,Longfield Law Professional Corporation,http://www.longfieldlaw.com/,
109,Crown Accounting Services Inc,http://crownaccounting.ca/,
116,GSA Accounting & Bookkeeping - Accounting Firm,https://gsaaccounting.ca/,
117,Taxsol Canada Inc.,http://www.taxsolcanada.com/,
127,Navneet Singh Bhasin–Team Nav | Top & Best GTA & Brampton Realtor | Sell Homes Fast,http://www.teamnav.ca/,
132,Rashminder Chadha Real Estate Agent In Brampton | Mississauga Canada,http://www.rashminderchadha.ca/,
133,Harpreet Rakhra RE/MAX | Top Rated Brampton Real Estate Agent | Top 2% Realtor in Canada,http://www.harpreetrakhra.com/,
135,"RD CHEEMA ,REAL ESTATE BROKER WITH - RE/MAX REALTY SERVICES INC.",https://www.rdhomesale.com/,
136,JK Kalra - SoldByJK,http://www.soldbyjk.ca/,
138,Param Mann - Real Estate Broker,http://www.parammann.com/,
139,RE/MAX REALTY SERVICES INC,http://www.4561000.com/,
141,Zainab Raza Real Estate Corporation,https://www.razarealestate.ca/,
149,Mandeep Kaur - Aaxel insurance Brokers Ltd.,http://aaxel.ca/,
153,Jimmy Jhandi Insurance Broker,http://www.tinyurl.com/jimmyjhandi,
154,INSURE WITH PRIANKA,https://www.insurewithprianka.com/,
166,Kidz Grow With Love,http://kidzgrowwithlove.com/,
171,Absolute Angels Child Developement Centre,http://absoluteangels.ca/,
183,LA Fitness,https://www.lafitness.com/Pages/clubhome.aspx?clubid=628&utm_source=google&utm_medium=googlemaps&utm_campaign=maps,
193,Shaped by Strength,https://www.instagram.com/shapedbystrength_/,
194,TopNotch Performance & Nutrition,http://www.tnpfit.ca/,
198,Fit4Less,https://www.fit4less.ca/locations/provinces/ontario/brampton/brampton-worthington?utm_source=G&utm_medium=lpm&utm_campaign=fit4less,
209,Doctor of Beauty – Hair • Facial • Lash Lift • Brows • Waxing • Spa,http://doctorofbeautyca.com/,
212,Lilac Salon and Spa,https://lilacsalonandspa.org/services/,
213,A-One Salon and Spa by Suman B,http://facebook.com/aonesalonandspa/,
214,Rani's Beauty Salon Laser & Spa,http://ranibeautysalon.ca/,
216,Preet Bridal Beauty Salon and Spa,https://www.tiktok.com/@preetbridalbeauty,
221,Brampton Optometrists,http://www.bramptonoptometrists.com/,
222,Eye Optical - Brampton West (Fletchers),http://www.eyeopticalstore.com/,
223,Noor Eye Clinic & Optical Testing Store,https://eyeclinicdirectory.ca/clinic/noor-eye-clinic-optical-testing-store-brampton,
225,Bramalea Optometric Clinic,https://bramaleaoptometric.com/,
226,iSmile Optometry Centre,http://www.brampton-optometrist.ca/,
227,Westpoint Optical,https://westpointoptical.ca/locations/brampton-west/,
235,Brampton Eye Clinic,https://www.bramptoneyeclinic.com/,
237,Brampton Eye Care - Dr. Chaudhury & associates,http://www.bramptoneyecare.ca/,
242,Spring Valley Pharmacy,https://www.guardian-ida-remedysrx.ca/en/ontario/brampton/spring-valley-pharmacy-7019148,
243,People's Compounding Pharmacy & Medical Clinic,https://peoplescompoundingpharmacy.ca/,
244,Pulse Pharmacy,https://pulseucc.com/our-services/pharmacy/?utm_source=google&utm_medium=organic&utm_campaign=pharmacygmblisting,
246,Guardian James Potter Road Pharmacy,https://www.guardian-ida-remedysrx.ca/en/ontario/brampton/james-potter-road-pharmacy-7017609?utm_source=google&utm_medium=maps&utm_campaign=local_presence,
247,Guardian DOWNTOWN BRAMPTON PHARMACY,https://www.guardian-ida-remedysrx.ca/en/ontario/brampton/downtown-brampton-pharmacy-7029020?utm_source=google&utm_medium=maps&utm_campaign=local_presence,
250,Main St Pharmacy (PharmaChoice),http://pharmachoice.com/,
255,Ultracare Specialty Pharmacy,http://www.ultracarespecialtypharmacy.ca/,
261,Justine Blainey Wellness Centre,https://www.blaineywellness.com/?schedule_source=GMB,
264,Heart Lake Chiropractic and Spinal Decompression Centre,http://heartlakechiro.com/,
265,Hill Chiropractic,http://www.drronhillchiropractic.com/,
269,Abbott Chiropractic Clinic,http://www.abbottchiropractic.ca/,
273,Active Life Wellness Center,https://www.alwc.ca/,
279,Brampton Funeral Home & Cemetery,https://www.arbormemorial.ca/en/brampton.html?utm_source=google&utm_medium=organic&utm_campaign=0341_brampton_google-my-business,
281,Scott Funeral Home - Brampton Chapel,https://www.arbormemorial.ca/en/scott-brampton.html?utm_source=google&utm_medium=organic&utm_campaign=7110_scott-brampton_google-my-business,
282,Andrews Community Funeral Centre - Bramalea Chapel,https://www.dignitymemorial.com/en-ca/funeral-homes/ontario/brampton/andrews-community-funeral-centre-bramalea-chapel/3163?utm_source=google_my_business&utm_medium=organic,
285,Dignity Memorial,https://www.dignitymemorial.com/en-ca/funeral-homes/ontario/brampton/andrews-community-funeral-centre-bramalea-chapel/3163,
286,Affordable Funeral Services,http://www.affordablefuneralservices.ca/,
287,Assumption Catholic Cemetery & Funeral Home,https://www.catholic-cemeteries.ca/cemeteries/assumption-catholic-cemetery/,
289,Michelle Loraine,http://www.michelleloraine.com/,
299,# 9 Auto Sales Ltd,http://www.9autosales.ca/,
301,Mr Singh Auto Sale,https://www.boostautoandtrucksales.com/,
304,Toronto Car Sales & Auto Service,http://torontocarsale.com/,
305,Noble Auto Hut,http://noblecarsales.com/,
307,Wmz Auto Sales,https://www.wmzauto.ca/,
309,Affordable Used Car Sales Inc.,https://affordablecars4sales.ca/,
316,"Academy for Mathematics & English, Dusk",http://www.tutoringacademy.ca/locations/ontario/dusk.php,
321,Oxford Learning Brampton North,https://oxfordlearning.com/locations/brampton-north-tutoring/,
329,Innocent Hearts Secondary School,http://www.innocenthearts.ca/?utm_source=GoogleMaps&utm_medium=Maps&utm_campaign=Local,
330,"Academy for Mathematics & English, Shopper's World",http://www.tutoringacademy.ca/locations/ontario/shoppersworld.php,
344,Dentistry In Springdale,http://roopalisharmadental.ca/,
345,Lakeridge Dental Brampton,https://lakeridgedental.ca/,
346,Keshavarz Dental Clinic in Brampton,https://www.keshavarzdentistry.com/,
349,Trinity Dental Centre,http://www.trinitydental.ca/,
357,Sunnyvale Medical Centre & Pharmacy,http://www.sunnyvalemed.com/,
361,Vantage Medical Center,https://vantagemedical.ca/,
366,Vital Urgent Care Centre Brampton East,https://vitalurgentcare.ca/brampton/,
369,Brampton Physiocare & Wellness Clinic,https://www.bramptonpcw.com/,
371,Active Physiotherapy Brampton,https://activephysiobrampton.com/,
374,Complete Rehab Centre,http://completerehab.ca/,
378,White Pine Health - Brampton Physiotherapy Clinic & Wellness,https://whitepinehealth.ca/physiotherapy-brampton/,
379,HealthCare Rehabilitation Centre Inc. O/A Healthplus Rehab Centre,http://healthcarerehabcentre.com/about/,
385,Bramalea Animal Hospital,http://bramaleaanimalhospital.ca/,
400,Keran Sangha Professional Corporation,https://www.keransanghalawyer.ca/,
410,"Avnish Aggarwal, CPA-Tax , Accounting, Corporation",http://www.avnishcpa.com/,
418,re/max gold realty brokerage - Inder Chawla,https://homesbyic.com/,
424,Raj Sharma - Top Real Estate Agent in Brampton,http://www.sellwithrajsharma.com/,
425,ACHINT AHLUWALIA,http://achintwalia.ca/,
426,List N Sold Realty Corporation,http://listnsold.ca/contact,
427,Manu Chohan | Real Estate Broker | Homes For Sale in Brampton | Top Realtor in Brampton,http://www.manuchohan.com/,
430,Commercial Real Estate Broker Varinder Puaar,https://ontariocrehub.com/,
435,Rupinder Rai,https://www.rairupinder.com/,
456,Springdale Learning Ctr,https://springdalelearningcentre.ca/,
458,Smiles & Giggles Licensed Home Daycare Brampton,http://www.godaycare.com/ontario/brampton/Smiles+and+Giggles+Daycare!!+Where+Kids+can+be+Kids!!/14035/1%22%3ESmiles%20and%20Giggles%20Daycare!!%20Where%20Kids%20can%20be%20Kids!!%3C/a%3E,
460,The Lab Brampton,https://www.instagram.com/thelabbrampton/profilecard/?igsh=MTRldWd0dnA4bDFiNA==,
469,Mandy's Beauty Salon and Spa - Brampton Salon,http://mandysbeautysalonandspa.com/,
474,RG Beauty Spa & Laser hair removal,https://www.instagram.com/reel/CnlRPAWgJGP/?igshid=YmMyMTA2M2Y=,
476,Labeautysalonandlaserclinic,http://labeautysalonandlaserclinic.com/,
477,Indo Canada Salon & Spa,https://icsalonandspa.com/,
479,Meena's Beauty Salon,https://meenasbeautysalon.com/booking/,
481,Creative Beauty Salon & Spa,https://creativebeautysalonandspa.ca/,
482,Brampton Vision Centre,https://www.mississaugavisioncentre.com/location/brampton-vision-centre/,
485,Eye Optical - Brampton (Airport Road),https://www.eyeopticalstore.com/?utm_source=google&utm_medium=organic&utm_campaign=gmb-listing,
491,Kanda Optical Cottrelle,http://cottrelle.kandaoptical.com/,
493,Dr. Jag Gill,http://www.bramaleaoptometry.com/,
497,I.D.A. - North Park Pharmacy,https://www.guardian-ida-remedysrx.ca/en/ontario/brampton/north-park-pharmacy-7066253,
498,MyLocalRx Vantage Pharmacy,https://www.mylocalrx.ca/,
500,I.D.A. Procare Springdale Pharmacy,https://www.guardian-ida-remedysrx.ca/en/ontario/brampton/procare-springdale-pharmacy-7061265?utm_source=google&utm_medium=maps&utm_campaign=local_presence,
502,Bramdale Guardian Pharmacy & Telemedicine Walk-in Clinic,https://www.guardian-ida-remedysrx.ca/en/ontario/brampton/bramdale-pharmacy-7022827,
504,Brampton Hospital I.D.A. Pharmacy,https://www.guardian-ida-remedysrx.ca/en/ontario/brampton/brampton-hospital-i-d-d-d-a-d-pharmacy-7018440?utm_source=google&utm_medium=maps&utm_campaign=local_presence,
505,RemedysRx Casstlemore West Phcy,https://www.guardian-ida-remedysrx.ca/en/ontario/brampton/casstlemore-west-phcy-7032950?utm_source=google&utm_medium=maps&utm_campaign=local_presence,
506,I.D.A. Brampton Lifecare Pharmacy,https://www.guardian-ida-remedysrx.ca/en/ontario/brampton/brampton-lifecare-pharmacy-7047800?utm_source=google&utm_medium=maps&utm_campaign=local_presence,
507,Castlemore Pharmacy PharmaChoice,https://www.pharmachoice.com/locations/castlemore-pharmacy/,
511,Shoppers Drug Mart,https://www.shoppersdrugmart.ca/en/store-locator/store/693/?utm_source=G&utm_medium=lpm&utm_campaign=LPM_SDM,
520,Glendale Funeral Home & Cemetery,https://www.arbormemorial.ca/en/glendale.html?utm_source=google&utm_medium=organic&utm_campaign=google_my_buisness,
522,Glenview Memorial Gardens,https://www.arbormemorial.ca/en/glenview.html?utm_source=google&utm_medium=organic&utm_campaign=0701_glenview_google-my-business,
523,Queen of Heaven Catholic Cemetery & Funeral Home,https://www.catholic-cemeteries.ca/cemeteries/queen-of-heaven-catholic-cemetery/,
531,AutoPark Brampton,https://www.autoparkbrampton.ca/en?utm_source=google_local&utm_medium=organic,
534,Oxford Learning Brampton Springdale,https://oxfordlearning.com/locations/brampton-springdale-tutoring/,
537,Premium Tutoring & Computer Training Ltd / Premium Institute of Excellence( An Ontario Private Online / Onsite High School),http://premium-institute.com/,
538,Megamind Learning Centre - Bramalea Road,https://megamindlearning.com/brampton-bramalea-campus.html,
542,R & S Learning,http://rslearning.ca/,
544,Bramcountry Dental,http://bramcountrydental.com/,
546,Springdale Dental Centre,https://springdaledental.com/,
551,North Bramalea Dental,https://www.northbramaleadental.com/?utm_source=google&utm_medium=organic&utm_campaign=gbp,
556,WELL Health Medical Centres - Northpoint,https://wellclinics.ca/ontario/brampton/northpoint-whmc/,
560,Countryside Medical Centre and Pharmacy,https://countrysidemedical.ca/,
561,B&C Urgent Care & Walk-In Medical Centre,http://www.bncurgentcare.com/,
565,Pulse Urgent Care Centre,https://www.pulseucc.com/?utm_source=google&utm_medium=organic&utm_campaign=gmblisting,
566,LifeCare Medicentre (new physician accepting new patients and walk-ins),https://ocean.cognisantmd.com/online-booking/406cd95d-a504-48eb-8ecb-a35abd9d4596,
567,William Osler Health System - Brampton Civic Hospital,http://www.williamoslerhs.ca/,
570,Ultra-Modern Medical Inc.,https://ultramodernmedical.com/,
585,Bajaj Law Professional Corporation,http://www.bajajlawyers.com/,
592,Mann Law Firm,http://www.mannlawfirm.ca/,
599,"PARAMSURI , BROKER ( KING REALTY BROKERAGE INC.)",http://paramsuri.com/,
601,"Avtar Singh, Homelife Silvercity Realty Inc.",http://www.avtarsingh.ca/,
603,Rocky Matharoo Real Estate Group,http://rockysellsgta.com/,
604,Satinder Mangat | Leading Real Estate Expert | Top Rated,https://satindermangat.ca/,
605,Rocky Saini - Re/Max Gold Realty Inc.,http://www.rockysaini.com/,
606,Team Sukhvinder Re/Max,http://www.teamsukhvinder.com/,
607,Best Realtor in Brampton | Sale and Purchase of Homes | Top Home Sellers,http://tophomesellers.ca/,
620,Universal Barbell,https://universalbarbell.com/,
623,New Style Salon & Spa,https://www.instagram.com/new_style_salon_and_spa?igsh=MWtzZDQyZXZjYm0zZg==,
635,I Optical eye,https://www.eyeoptical.ca/,
637,I.D.A. B & C PHARMACY,https://www.guardian-ida-remedysrx.ca/en/ontario/brampton/b-a-c-pharmacy-7029700?utm_source=google&utm_medium=maps&utm_campaign=local_presence,
638,Health Solutions Plus Remedy'sRx,https://www.guardian-ida-remedysrx.ca/en/ontario/brampton/health-solutions-plus-remedysrx-7024790?utm_source=google&utm_medium=maps&utm_campaign=local_presence,
639,Father Tobin Pharmacy,http://www.mylocalrx.ca/,
640,Pharmasave Springdale Bovaird,https://pharmasavebovairdspringdale.com/,
642,CAMP Health and Wellness,https://camphealth.ca/,
643,Flowers by Fortinos,https://www.fortinosflowers.ca/find-your-location?utm_source=G&utm_medium=LPM&utm_campaign=Loblaws,
649,Legacy Motors,http://www.legacymotors.ca/,
659,Omni Dental,http://omnidental.ca/,
672,Gateway Medical Clinic,http://gatewayclinic.ca/,
676,Health Plus Physiotherapy Clinic,http://healthplustherapy.com/,
679,Healing Vision Physio & Rehab,http://healingvision.ca/,
686,Dhillon Law Office,http://dhillonlawoffice.ca/,
687,Ahuja Law Professional Corporation,http://www.ahujalawpc.ca/,
696,AnalytIQ Accounting,http://www.analytiqaccounting.com/,
702,Facile Fintax,https://facilefintax.ca/,
703,GIRN ACCOUNTING SERVICES,http://www.girnaccounting.com/,
705,Kiran Brar ( Broker) With RE/MAX Realty Services Inc. Brampton,https://www.homesbykiranbrar.ca/,
707,"NAVPREET BHOGAL-GTA Rent, Buy, Sell and Invest Real Estate Broker Creating Wealth Through Real Estate",http://www.navpreetbhogal.com/,
711,Sonia Singh,http://www.soniasinghrealestate.com/,
712,Paramjit Soor,http://www.paramjitsoor.com/,
714,Aaxel Insurance Brokers Ltd,https://www.aaxel.ca/,
726,Akal Child Care,http://www.akalchildcare.ca/,
728,Le Petit Kangaroo Child Care Education Centre,http://www.lpkangaroo.ca/,
734,"Beauty By Meet - Salon, Spa & Laser | Bridal Makeup & Hair | Beauty Academy",http://www.beautybymeet.com/,
735,LensCrafters,https://local.lenscrafters.com/canada/on/brampton/25-peel-centre-drive.html?cid=yext_0962&y_source=1_MTIyMDI4NC03MTUtbG9jYXRpb24ud2Vic2l0ZQ%3D%3D,
736,Dr. J. Deol & Associates Family Eye Care,https://www.drdeolfamilyeyecare.com/,
737,Prism Dry Eye Clinic (formerly eyeLABS Optometry),http://eyelabs.ca/,
741,Kings Cross Pharmacy,https://www.pharmachoice.com/locations/kingscross-pharmacy/,
743,Guardian Southgate Pharmacy,https://www.guardian-ida-remedysrx.ca/en/ontario/brampton/southgate-pharmacy-7003574?utm_source=google&utm_medium=maps&utm_campaign=local_presence,
746,Metro Pharmacy,http://www.metro.ca/find-a-store/details.en.html?id=322&utm_source=G&utm_medium=local&utm_campaign=google-local,
755,Healthmedica Brampton,http://www.healthmedica.ca/,
760,"Academy for Mathematics & English, Bramport",http://www.tutoringacademy.ca/locations/ontario/bramport.php,
761,Centennial Dental,https://www.trinitydental.ca/,
765,Dawson Dental - Brampton,https://www.dawsondental.ca/site/brampton-dentist?utm_source=G&utm_medium=LPM&utm_campaign=DentalCorp,
773,Kennedy Medical Centre,http://www.kmcbrampton.com/,
775,Panel Physician Brampton,https://www.panelphysician.ca/,
778,pt Health - North Brampton,https://www.pthealth.ca/clinic/pt-health-north-brampton/?utm_source=gmb&utm_medium=organic,
781,Focus Physiotherapy,http://www.focusphysiotherapy.com/locations/brampton-clinic/,
782,Brampton Civic Care Centre,http://www.bramptonccc.com/,
799,"Re/Max Excellence Real Estate Brokerage-Gurdeep Gurm, Real Estate Broker",https://www.thebramptonrealtor.com/,
808,I Am Optical,http://www.iamoptical.com/,
810,Lapienis Renis Dr,http://www.brampton-optometrist.ca/,
811,Vina Vision Optical,https://vinavisionoptical.ca/,
814,Loblaw Pharmacy,https://www.pchealth.ca/en/health/pharmacist-consultations/?utm_source=G&utm_medium=LPM&utm_campaign=Loblaws,
815,RemedysRx Peace Health,https://www.guardian-ida-remedysrx.ca/en/ontario/brampton/peace-health-7023781?utm_source=google&utm_medium=maps&utm_campaign=local_presence,
816,Shoppers Simply Pharmacy,https://www1.shoppersdrugmart.ca/en/Store-Locator/store/3088,
817,Pharmahands,https://wa.me/18352402999,
819,Guardian PHARMA CENTER PHARMACY,https://www.guardian-ida-remedysrx.ca/en/ontario/brampton/pharma-center-pharmacy-7017973?utm_source=google&utm_medium=maps&utm_campaign=local_presence,
820,Rehance Health Centre,https://rehancehealth.ca/,
821,DRIFT MOTORS,https://driftmotors.ca/,
823,Attrell Toyota Used Vehicles,https://www.attrelltoyota.com/inventory/used/,
824,Brilliant Tutoring,http://www.brillianttutor.com/,
827,Dr. Winston Law,https://www.drwinstonlaw.com/,
831,Dr Amanpreet chopra Dentistry,http://www.thefamilydentist.ca/,
832,Peel Village Dental,https://www.peelvillagedental.com/,
834,Our Dentistry,http://ourdentistry.ca/,
837,Queen's Urgent Care and Medical Centre Brampton,http://queensurgentcare.org/contact-us/,
839,William Osler Health System - Peel Memorial Centre for Integrated Health and Wellness,http://www.williamoslerhs.ca/,
847,RELIEF PHYSIO REHAB,https://reliefphysio.ca/,
852,Physiomed Brampton - Bramalea,https://www.physiomed.ca/find-a-clinic/brampton-bramalea/overview/,
872,Royal Lepage Platinum Realty Brokerage,https://royallepageplatinum.ca/,
873,Gurpreet Singh Real Estate Agent,https://www.homesbygurpreet.com/,
875,Pinnacle Realty,https://pinnaclerealty.ca/,
877,Kaushal Realty Group,http://kaushalrealtygroup.com/,
888,TrainMeFit Brampton,http://www.mytrainmefit.com/,
891,Mirror Mirror Beauty Salon & Spa,http://mirrormirrorbeauty.ca/,
893,Dr. Andrew S Chuang,https://bramptonvision.com/,
897,Peel Memorial Pharmacy,https://www.peelmemorialpharmacy.com/,
900,Nathan Pharmacy Guardian,https://www.guardian-ida-remedysrx.ca/en/ontario/brampton/nathan-guardian-pharmacy-7052471,
904,I.D.A. Kennedy Queen Medcare RX,https://www.guardian-ida-remedysrx.ca/en/ontario/brampton/kennedy-queen-medcare-rx-7065813?utm_source=google&utm_medium=maps&utm_campaign=local_presence,
916,32 Dental Care,http://roopalisharmadental.ca/,
917,Dr. Bhandal & Associates,http://www.drbhandal.com/,
919,Dr. Abouzgia & Associates,https://drabouzgiaandassociates.com/,
941,Sachdeva Milne Law Group,http://sachdevamilne.com/,
944,Navneet Tax Consultancy Inc.,https://www.navneettax.com/,
951,Bharat Purohit Realtor,https://www.realtor.ca/agent/2220542/bharat-purohit-821-bovaird-dr-west-31-brampton-ontario-l6x0t9,
967,Lift Off Strength & Wellness,http://www.liftoffstrength.com/,
979,Mayfield Pharmacare IDA,https://www.guardian-ida-remedysrx.ca/en/ontario/brampton/mayfield-pharmacare-7001096,
980,I.D.A. Brampton Medical Plex Pharmacy,https://www.guardian-ida-remedysrx.ca/en/ontario/brampton/brampton-medical-plex-pharmacy-7039742?utm_source=google&utm_medium=maps&utm_campaign=local_presence,
982,Storybrook Guardian Pharmacy,https://www.guardian-ida-remedysrx.ca/en/ontario/brampton/storybrook-pharmacy-a-medical-clinic-7003184,
984,Beyond Wellness Chiropractic,https://www.beyondwellnesschiropractic.com/,
988,Fairhill Dental Care,http://drnayyardentistry.com/,
991,Buddha Dental Care,https://buddhadentalcare.ca/,
1004,SouthFields Physiotherapy Centre,https://www.caledonphysio.ca/,
1006,Health Plus Physio & Rehab,https://healthplustherapy.com/,
1023,Virk CPA Professional Corporation,https://virkcpa.com/,
1032,Tim Cusimano Desjardins Insurance Agent,https://www.desjardinsagents.com/agent/ON/brampton/timothy-cusimano/601937?utm_id=ls-e-0-24931&campagne=ls-e-0-24931,
1041,Anytime Fitness,https://www.anytimefitness.ca/gyms/4022/brampton-on-l6x-0b3/?utm_source=google&utm_medium=organic-businesslisting&utm_campaign=gbp-listing&utm_content=4022,
1044,Panache Beauty Salon & Spa,https://panachebeauty.ca/?utm_source=google&utm_medium=gmb&utm_id=paid-ads,
1046,RKD Salon & Spa,http://www.rkdsalonspa.com/,
1047,Indo Canada Salon & Spa @ Brisdale,http://icsalonandspa.com/,
1048,Roulette Salon and Spa,https://roulette-salon-and-spa.business.site/?utm_source=gmb&utm_medium=referral,
1052,SouthFields Vision Centre,https://southfieldsvision.com/,
1054,Specs Express - Optometrist & Optician,https://www.specsexpress.ca/,
1056,Guardian BRINKLEY PHARMACY,https://www.guardian-ida-remedysrx.ca/en/ontario/brampton/brinkley-pharmacy-7029950?utm_source=google&utm_medium=maps&utm_campaign=local_presence,
1060,Guardian Upper Mount GDN Pharmacy,https://www.guardian-ida-remedysrx.ca/en/ontario/brampton/upper-mount-gdn-pharmacy-7058511?utm_source=google&utm_medium=maps&utm_campaign=local_presence,
1061,Ved Lifecare Pharmacy IDA,https://www.guardian-ida-remedysrx.ca/en/ontario/brampton/ved-lifecare-pharmacy-7061677,
1069,Megamind Learning Centre - Caledon,https://megamindlearning.com/caledon-kennedy-campus.html,
1070,South Brampton Dental Centre,https://www.southbramptondental.com/?utm_source=GMB_Listing&utm_medium=organic&utm_campaign=GMB,
1071,Complete Immigration Medical Centre,https://www.completeimmigration.ca/?utm_source=google&utm_medium=organic&utm_campaign=gbp,
1072,Central Brampton Family Health Team,http://www.cbfht.ca/,
1074,Lionhead Animal Hospital opening soon,http://cornwallvet.com/,
1076,DVMAccounting,http://www.dvma.ca/,
1077,"Mankoo & Gupta, CPA Professional Corp",https://mankooguptacpa.com/,
1078,Platinum Tax & Accounting Professional Corporation,https://www.platinumtax.ca/,
1079,Drive-Thru Tax & Accounting Services Limited,http://www.cpa4taxes.ca/,
1080,Ruchika Pal CPA Professional Corporation,http://www.rpalcpa.ca/,
1081,"Riya Deol, CPA, CGA",http://www.riyadeol.ca/,
1082,Scale CPA Professional Corporation,http://www.scalecpa.ca/,
1083,Dharm Gill Real Estate,http://dharmgill.ca/,
1084,REALTOR Prateek Kapur - Century 21 Property Zone Realty Inc.,http://realtorprateekkapur.c21.ca/,
1085,Gurpreet Gill - RE/MAX GOLD | Top Real Estate Agent in Brampton | Buy or Sell House in Brampton | Homes for Sale Brampton,http://www.gurpreetgill.ca/,
1086,William Jit Basra-Real Estate Broker,http://realtorwilliambasra.com/,
1087,Acera Insurance,https://acera.ca/,
1088,ATKT Insurance,https://www.atktinsurance.ca/,
1089,Abhijit Ghosh Desjardins Insurance Agent,https://www.abhijitghosh.ca/?utm_id=ls-e-0-24931&campagne=ls-e-0-24931,
1092,Pharmacy Care Clinic at Shoppers Drug Mart,https://www.shoppersdrugmart.ca/store-locator/store/1093?lang=en&tab=pharmacist-walk-in-clinic&utm_source=G&utm_medium=lpm&utm_campaign=LPM_SDM,
1095,Power Auto Sales,https://powerautosales.ca/,
1096,BRAMPTON MOTORS,http://www.bramptonmotors.ca/,
1097,Woodstock Motors LTD,https://woodstockmotors.ca/,
1098,Newton's Tutoring,http://www.newtonstutoring.com/,
1099,Torbram Dental,https://www.torbramdental.com/,
1100,Dr. Sehgal’s Dental Office- Woodhill Dental-Dentistry at Queen,http://www.sehgaldental.com/,
1101,Kensington Dental,https://kensingtondentists.com/?utm_source=GMB_Listing&utm_medium=organic&utm_campaign=GMB,
1102,Trillium Dentistry,https://trilliumdentistry.ca/,
1104,Delta Park Dental,https://deltaparkdental.com/,
1105,Dental Studio Peel Centre Dr,https://dentalstudiogta.com/locations/dental-studio-gta-peel-centre/,
1106,Northgate Medical Centre,https://northgateclinic.com/,
1107,CBI Health - Brampton Gateway,https://www.cbihealth.ca/locations/brampton-gateway?utm_source=google&utm_medium=organic&utm_campaign=gbp,
1108,REFORM PELVIC HEALTH PHYSIOTHERAPY AND REHAB CLINIC,http://reformphphysio.ca/,
1109,Cure Touch Physio & Wellness Centre,http://www.curetouch.ca/,
1110,Limitless Rehab,https://limitlessrehab.ca/,
1111,"SIDHU LAW CHAMBERS ( RUPINDER SIDHU, LAWYER)",https://sidhulawchambers.com/,
1113,"Taman Singh Law- Employment lawyer, Disability lawyer & Severance Lawyer |Brampton, Kleinburg, Nobleton, Bolton|RZCD Law Firm",https://tamansinghlaw.com/,
1114,Bamrah Accounting,https://www.bamrahgroup.ca/,
1115,STS CPA Professional Corporation,https://www.stscpa.ca/,
1116,HSBA Tax Services,http://hsbatax.com/,
1117,Ricky Khurana Real Estate Expert,http://www.rickykhurana.ca/,
1118,Raman Arora - TOP AWARD WINNING REALTOR,https://linktr.ee/ramanarorarealtor,
1119,Jag Billen - RE/MAX | Brampton's Best Realtor | Top-Ranked Realtor in Brampton,https://www.jagbillen.ca/,
1120,"Sutton Group - Realty Experts Inc., Brokerage",https://www.suttonexperts.com/,
1121,Anil Kumar - Real Estate Broker,https://www.sonirealtor.ca/,
1122,Raj Dave Realtor | Real Estate Broker,http://www.dreamhomesellers.ca/,
1123,Shane Smith Real Estate Agent,http://shanesmithrealtor.com/,
1125,Shikha Ahuja - einsured.ca - Super Visa Insurance | Life Insurance,https://www.einsured.ca/our-team/shikha,
1126,Aaxel Insurance Brokers Ltd.,https://www.aaxel.ca/,
1127,Aaxel Insurance Brokers - Avtar Dhaliwal,http://www.adhaliwal.ca/,
1128,Life Care Insurance and Financial Experts Inc.,https://lifecareinsurance.ca/,
1129,PLASP Child Care - St. Thomas Aquinas,https://www.plasp.com/search-for-care/?search=st.%2520thomas%2520aquinas,
1130,PLASP Child Care Services - Fallingdale,https://www.plasp.com/SearchForCare?type=0&lid=&sn=fallingdale&pt=,
1131,BrightPath Avondale Child Care Centre,https://brightpathkids.com/locations/avondale/,
1132,PLASP EarlyON - Eastbourne Drive,https://www.plasp.com/earlyon.aspx,
1134,Brampton Grenoble YMCA Before and After School Program,https://www.ymcagta.org/find-a-y/brampton-grenoble-ymca-before-and-after-school-program,
1135,PLASP Child Care Services - Georges Vanier,https://www.plasp.com/SearchForCare?type=0&lid=&sn=Georges+Vanier+C.S.&pt=,
1136,Springdale EarlyON Child & Family Centre - Family Day Care Services,https://familydaycare.com/programs/earlyon/,
1137,PLASP Child Care Services - Folkstone,https://www.plasp.com/SearchForCare?type=0&lid=&sn=Folkstone+P.S.&pt=,
1138,Strength Camp Toronto,http://www.strengthcamptoronto.com/,
1139,WyzeFit,https://wyzefit.ca/,
1140,Saharz Beauty Lounge,https://www.instagram.com/saharz_beauty_lounge/,
1144,Goldy Laser and Spa,http://goldylaserandspa.com/,
1145,Lenzsmith Optical,https://lenzsmith.com/,
1146,Specsavers Bramalea City Centre,https://www.specsavers.ca/stores/bramaleacitycentre?utm_source=yext&utm_medium=places&utm_content=bramaleacitycentre&utm_campaign=googleplaces&y_source=1_OTMwOTAwMjktNzE1LWxvY2F0aW9uLndlYnNpdGU%3D,
1147,Apex Peptide Therapy,https://wa.me/447308174026,
1148,I.D.A. GATEWAY MEDICAL PLEX PHARMACY,https://www.guardian-ida-remedysrx.ca/en/ontario/brampton/gateway-medical-plex-pharmacy-7012980?utm_source=google&utm_medium=maps&utm_campaign=local_presence,
1151,Pharmasave Bram East,https://www.pharmasavebrameast.com/,
1152,Ignite Health - Brampton Physiotherapy & Wellness Clinic,https://www.ignitehealthclinic.com/,
1153,Prime Auto Brampton,https://www.primeautobrampton.ca/,
1154,AIM Study Centre,http://aimstudycentre.ca/,
1155,Oxford Learning Brampton Ebenezer,https://oxfordlearning.com/locations/brampton-ebenezer-tutoring/,
1156,ICAN EDUCATION SPRINGDALE,http://www.icaneducation.ca/brampton-tutoring,
1157,All Study Buddy - Best Online and Offline Tutoring in Brampton | Math Tutor | English Classes,https://allstudybuddy.com/,
1158,Sigma Care,https://www.drqazisigmadentistry.com/,
1159,Dr Sandhu,https://drssandhu.com/,
1160,Brar Medical Clinic,https://ocean.cognisantmd.com/online-booking/96a8bb48-cf0a-4cd0-8666-3abfb037df45,
1161,Bramalea & Bovaird Clinic,http://www.bramptonclinics.com/,
1162,Have Physiotherapy,http://www.havephysiotherapy.com/,
1163,Ortho Rehab Group,https://orgroup.site/,
1164,Max Care Physiotherapy,https://maxcarephysio.ca/,
1165,AVNEET SAINI CRIMINAL LAWYER BRAMPTON,https://sainilaw.ca/,
1166,OMNI LAW GROUP,https://www.omnilawfirm.ca/,
1167,Team Jassi & Paul Real Estate Professionals,http://jassiandpaul.business.site/,
1168,Re/max Gold Realty - Harbinder Brar Broker,https://www.harbinderbrar.com/,
1169,Amrinder Chahal - Team Platinum - RE/MAX GOLD,http://www.amrinderchahal.com/,
1170,Realtor Ravi Sohal - Best & Trusted Real Estate Services,https://linktr.ee/teamsohal,
1172,My Insurance Broker - Pavittar Khehra,http://myinsurancebrokerpavittarkhehra.mydurable.com/?pt=NjVhYjA4M2Q2NThiYmM5ZjkzZGU0ZTU2OjE3MDU3MDkwMTguNTQyOnByZXZpZXc=,
1176,Pharma choice pharmacy on cottrelle,http://www.pharmachoice.com/,
1177,Khyber Motors Since 2005,http://khybermotors.com/,
1178,Prepskills Inc. SSAT & SAT Prep: Brampton,http://www.prepskills.com/,
1179,Orb Dental,https://orbdental.com/,
1180,Dr. Pawandeep Kahlon | Balmoral Dental,https://www.drpkahlon.com/,
1181,Care4Family Medical centre,http://www.care4family.ca/,
1182,Right Time Rehab-Avondale Branch,http://righttimerehab.ca/,
1183,VAN REHAB PHYSiOTHERAPY@ AIRPORT,http://www.vanrehab.com/,
1184,Dhindsa Law,https://www.dhindsalaw.ca/,
1185,Herman Dhillon Law Professional Corporation,https://www.hermandhillonlaw.com/,
1186,Sanjay Verma CGA Professional Corporation,http://vermacpa.ca/,
1187,Ravinder Makkar CPA,http://www.ravindermakkar.com/,
1188,Counting Cloud - CPA Professional Corporation,http://counting.cloud/,
1189,REMAX President Realty Brokerage,http://www.remaxpresident.com/,
1190,Sam Legha Real Estate Group,http://www.samlegha.com/,
1192,Laugh & Learn Early Learning and Childcare Centre,http://www.laughandlearnelcc.com/,
1193,Brampton Goldcrest YMCA,https://www.ymcagta.org/find-a-y/brampton-goldcrest-ymca,
1194,PLASP Child Care Services - Lester B. Pearson,https://www.plasp.com/SearchForCare?type=0&lid=&sn=Lester+B.+Pearson+C.S.&pt=,
1195,Greenbriar Recreation Centre,https://www.brampton.ca/EN/residents/Recreation/Community-Centres/Pages/Greenbriar.aspx,
1196,Julian Loy Boxing and Fitness,http://www.julianloyfitness.com/,
1197,Maharaja Beauty Salon & Spa,https://maharajabeautysalonandspa.com/?utm_source=Google&utm_medium=GBP,
1199,Dr. Paramvir Gill,https://riverstoneeyecare.com/,
1200,Planets 59,https://planets59.com/weed-dispensary-brampton/,
1201,Rabba Fine Foods,http://www.rabba.com/,
1202,GOREWAY PHARMACY,https://www.guardian-ida-remedysrx.ca/en/ontario/brampton/goreway-pharmacy-7061071,
1203,Bramalea Family And Cosmetic Dentistry,https://www.smilebramalea.ca/,
1204,DentaVIBE Dental at Bramalea City Centre,https://dentavibe.com/,
1206,Michael Dibua Law Prof Corp. - Family Lawyer Brampton.,https://michaeldibualaw.ca/,
1207,"Bali Singh, CPA",http://balisingh.ca/,
1208,Open Wins,http://www.vawam.ca/,
1209,"Rukhsana Malik - Top Realtor (Best Real Estate Agent for Brampton, Mississauga & Milton)",https://www.rukhsanahomes.com/,
1210,"Mohini Persaud - Real Estate Agent, Home Valuation for Buy & Sell Properties",http://www.grapplinghome.com/,
1211,Sukhdeep Chawla | Top Real Estate Agent In Brampton| RE/MAX REALTY SERVICES,https://www.sukhdeepchawla.com/,
1212,Insurance Savers,http://insurancesavers.ca/contact-us/,
1213,"Manvinder Virk- Insurance Broker(Auto, Home, Commercial & Life Insurance)",http://www.connexinsurance.com/,
1214,Glamore Beauty Bar Skin & Laser Clinic,http://www.glamorebeautybar.com/,
1216,Maritime Rehab Clinic,https://www.instagram.com/maritimerehab/,
1217,Wellmedica,http://wellmedica.ca/,
1218,Advance Physiotherapy Clinic,http://www.advancephysiotherapyclinic.com/,
1219,SSHILPPI WELLNESS CLINIC,http://sshilppiwellness.ca/,
1220,Interface Law Professional Corporation,https://www.interfacelaw.ca/,
1221,TM Law Professional Corporation - Brampton Family Lawyers | Civil Litigation,http://www.tmlaw.ca/,
1222,Bajwa CPA Professional Corporation,http://www.bajwacpa.com/,
1223,Profit Pioneers Accounting & Bookkeeping Inc.,http://www.profitpioneersinfo.com/,
1224,Dream Max real estate,https://dreammaxrealestate.com/,
1225,"Century 21 Royaltors Realty Inc., Brokerage",https://www.c21.ca/directory/offices/century-21-royaltors-realty-inc-brokerage,
1226,Heart Lake Insurance Brokers Inc,http://www.heartlakeinsurance.com/,
1227,PLASP Child Care Services - Aloma Crescent,https://www.plasp.com/SearchForCare?type=0&lid=&sn=Aloma+Crescent+P.S.&pt=,
1228,Simplified Pharmacy (Online Institute),http://simplifiedpharmacy.com/,
1230,Stratton Law,https://www.strattonlaw.ca/,
1231,Canadian Easy Tax Financial Services,https://www.canadianeasytax.com/,
1233,Sunnymeadow Pharmacy,http://pharmachoice.com/,
1234,Bramwest Dental - Brampton,https://bramwestdental.com/?utm_source=GoogleOrganic&utm_medium=GMBwebsite&utm_campaign=GMBWebsiteLink,
1236,Badesha Law Criminal Lawyer Brampton,https://criminallawyerinbrampton.com/,
1237,Accountor CPA Accounting Bookkeeping and Tax Experts,https://accountor.ca/near-me/ontario/accounting-and-bookkeeping-in-brampton/?utm_source=google&utm_medium=organic&utm_campaign=google_my_business_ca_on_brampton,
1239,Mona Randhawa Realtor : Best Realtor In Brampton,https://askmona.ca/,
1241,Dr. Linda Nguyen,http://bramptondentalcentre.com/,
1242,Dr. Qazi Family Dental Care,https://www.drqazibramptondentistry.ca/,
1243,Pearl Dentistry,https://pearldentistry.ca/?utm_source=gmb,
1244,Queen Chinguacousy Dentistry,http://qcdentistry.ca/,
1245,Sandhu Dentistry,https://drssandhu.com/,
1246,"PinPoint Health Brampton- Physiotherapy, Chiropractic, Massage (RMT), & Naturopathy",https://www.pinpointhealth.ca/location/brampton-west/,
1247,Taxccount Canada,https://www.taxccount.com/,
1248,Century 21 Millennium Inc. – Brampton,https://c21m.ca/,
1249,Insurance Broker,https://www.thebig.ca/brampton/,
1250,Kids & Company Brampton,https://kidsandcompany.com/locations/brampton/,
1251,Revive Beauty Spa,http://www.revivebeautyspa.com/,
1252,Pharmasave Bramtown Pharmacy,https://pharmasave.com/brampton-queen-st/,
1253,Vodden MD Pharmacy,https://voddenmdpharmacy.myshopify.com/,
1254,Cornerstone Pharmacy,http://www.cornerstonepharmacy.ca/,
1255,Dusk Pharmacy,https://pulseucc.com/?utm_source=google&utm_medium=organic&utm_campaign=pharmacygmblisting,
1256,Queen Hansen Pharmacy,http://www.qhpharmacy.ca/,
1258,Pro Active Health Group,https://proactivehealthclinic.ca/,
1259,Daily Auto Sales Inc.,https://www.dailyautosale.ca/,
1261,Edserv,https://edserv.ca/,
1262,Castlemore Dental,http://www.castlemoredental.ca/,
1263,Brameast Family Health Organization,https://www.brameast.ca/,
1264,Dr. Felix Asekomhe,https://register.cpso.on.ca/physician-info/?cpsonum=80123,
1265,Align and Heal Physiotherapy and Rehab Clinic,https://alignandheal.ca/,
1266,Titanium Law Professional Corporation,https://titaniumlaw.ca/,
1267,MS & Associates,http://www.msassociates.ca/,
1268,Bhupinder Chopra,http://www.choprahomes.com/,
1269,LifelineInsurance.ca,http://www.lifelineinsurance.ca/,
1270,Insurance Genie,https://insurancegenie.ca/,
1273,Glamorous Beauty Salon & Spa,http://glamorousbyanju.ca/,
1274,Chic Eyes,http://www.chic-eyes.com/,
1275,Avala Wellness,http://avalawellness.ca/,
1276,Sanjeevani Wellness Centre,http://sanjeevani.ca/,
1277,SIMPLE AUTO SALES & SERVICES LTD.,http://www.simpleautos.ca/,
1278,Align Dental Smiles - Brampton,https://aligndentalsmiles.com/,
1279,Jan Family Clinic,http://www.janfamilyclinic.ca/,
1280,Re/Max Gold Realty,http://www.remaxgoldrealty.com/,
1281,"Harpreet Saini CLU, CHS- Life Insurance Expert",http://topchoiceinsurance.ca/,
1282,Pannu Life Insurance,http://www.pannulifeinsurance.com/,
1284,Autokart Automotives,https://www.autokart.ca/,
1285,Walkin Clinic,http://bramptondentalwalkin.com/,
1288,RG Physio & Rehab,http://www.rgphysiorehab.ca/,
1289,Pam Hundal Law Office,http://www.hundallaw.ca/,
1290,Neahr Accounting Firm Inc.,http://neahraccounting.com/,
1291,best realtor in brampton,https://www.torontohousesale.com/,
1292,Super Visa Insurance Brampton - 𝐏𝐥𝐚𝐧𝐞𝐭 𝐈𝐧𝐬𝐮𝐫𝐚𝐧𝐜𝐞 Brampton - 𝗩𝗶𝗱𝗵𝗶 𝗖𝗵𝗵𝗮𝗯𝗿𝗮,https://theplanetinsurance.com/super-visa-insurance-brampton/,
1294,Riverstone Community Centre,https://www.brampton.ca/EN/residents/Recreation/Community-Centres/Pages/Riverstone-Community-Centre.aspx,
1295,Pharma 7 Care PHARMACY,https://www.facebook.com/profile.php?id=61578590848840,
1296,Walmart Supercentre,https://www.walmart.ca/en/store/3135?utm_source=local&utm_medium=listings&utm_campaign=sc&cmpid=gmb,
1297,CCRC BRAMPTON CLINIC - Canadian Chiropractic and Rehabilitation Clinic,http://www.ccrcclinic.com/,
1298,Fortis Integrated Health,https://fortishealth.ca/,
1299,Cardora,https://www.cardora.ca/,
1301,BR CPA Professional Corporation,https://www.brcpa.ca/,
1302,Kapil Marwaha Re/Max,http://www.mistersold.ca/,
1305,Brampton YMCA,https://www.ymcagta.org/find-a-y/brampton-ymca,
1306,IVM Optical - Optometrists And Eye Care Brampton - Doctor Available Every Days,https://ivmoptical.ca/book-appointment/,
1307,Sport Empire Car Sales,https://sportempirecarsales.ca/,
1308,Global Dental Office - Brampton,https://globaldentaloffice.ca/?utm_source=GoogleOrganic&utm_medium=GMBwebsite&utm_campaign=GMBWebsiteLink,
1309,Passi & Patel,https://www.passipatel.com/,
1310,Furlan Bhavsar LLP,http://furlanbhavsarlaw.com/,
1311,Hornbill Insurance Brokers,http://www.hornbillinsurance.ca/,
1312,All Insured Insurance Agency Inc.,http://www.allinsured.ca/,
1314,IDA St. Peters's Pharmacy,https://www.guardian-ida-remedysrx.ca/en/ontario/brampton/ida-st-d-peterss-pharmacy-7051511?utm_source=google&utm_medium=maps&utm_campaign=local_presence,
1315,Pharmasave Bram Centre Pharmacy,https://www.pharmasavebramcentre.com/,
1316,Costco Pharmacy,https://www.costcopharmacy.ca/,
1318,Guardian Morelli's Pharmacy,https://www.guardian-ida-remedysrx.ca/en/ontario/brampton/morellis-pharmacy-7007471?utm_source=google&utm_medium=maps&utm_campaign=local_presence,
1319,Zenovate Health,https://zenovate.health/,
1320,Joint Movement Physiotherapy,http://jointmovementphysio.com/,
1322,Dentistry at homestead,https://www.dentistryathomestead.com/,
1323,Glenrose Park Dental,https://glenroseparkdental.ca/,
1324,Venus Dental Care,https://www.venusdentalcare.com/,
1325,Dentistry @ Mt Pleasant Square,http://dentistryatsquare.com/,
1326,Agility Rehabcare,http://www.agilityrehabcare.ca/,
1328,Garg Law Professional Corporation,https://garglaw.ca/,
1329,BELL CPA & Associates Business Advisory Group,http://www.kenbell.ca/,
1331,DRUGStore Pharmacy,https://mypharmacy.pchealth.ca/en?utm_source=G&utm_medium=LPM&utm_campaign=Loblaws,
1332,Vital RX Pharmacy,https://www.vitalrxpharmacy.ca/,
1335,Valley Creek Dental,https://www.valleycreekdental.com/?utm_source=GoogleOrganic&utm_medium=GMBwebsite&utm_campaign=GMBWebsiteLink,
1337,ABC FAMILY DENTAL,https://abcfamilydental.ca/,
1338,Metro City Dentistry - Cottrelle Dental Clinic,https://metrocitydentistry.com/?utm_source=GMB&utm_medium=Website&utm_campaign=Visit,
1340,McVean Medical Centre,http://mcveanmedical.ca/?utm_source=gmb&utm_medium=referral,
1341,Faith Physiotherapy and Wellness,https://faithphysio.com/,
1343,Countryside Veterinary Mobile Services,http://www.tdvg.ca/,
1345,Law Office Of Aman Sharma,http://www.lawofficeamansharma.ca/,
1346,Arth Law Professional Corporation,http://saprasodhilaw.com/,
1347,Badesha Law Family Lawyer Brampton,https://badeshalaw.ca/family-lawyer/,
1348,RRM Law Office - Top Lawyers Brampton,http://www.rrmlawoffice.com/,
1349,Honest Accounting Inc.,https://honestaccounting.ca/,
1350,APT Accounting & Tax Services,http://www.aptaccounting.net/,
1351,Wilson Chartered Professional Accountants,https://www.wilsoncpa.ca/,
1352,TEAM ONKAR CHEEMA,https://www.onkarcheema.ca/,
1354,Ekta - einsured.ca- Super Visa Insurance | Life Insurance,https://www.einsured.ca/our-team/ekta,
1358,Childspec Licensed Wildlings Early Learning,https://wildlingslearning.ca/,
1359,Ruby Beauty,https://rubybeautyspa.com/,
1360,Hiza High Glam beauty salon,https://hizabeautysalon.ca/,
1361,Eyeonox,https://eyeonox.com/,
1362,Epic Vision - Eyecare EyeWear,https://epicvision.ca/,
1363,"Chalo Optical - Optometrist, Eye Doctor & Eye Exams Brampton",http://chalooptical.ca/,
1364,Dr. Harpreet Gill,https://riverstoneeyecare.com/,
1365,Family 1 Optical Brampton,https://www.drdeolfamilyeyecare.com/,
1366,I.D.A. GORE PHARMACY,https://www.guardian-ida-remedysrx.ca/en/ontario/brampton/gore-pharmacy-7065208?utm_source=google&utm_medium=maps&utm_campaign=local_presence,
1367,Guardian Valley Creek Pharmacy,https://www.guardian-ida-remedysrx.ca/en/ontario/brampton/valley-creek-pharmacy-7009358?utm_source=google&utm_medium=maps&utm_campaign=local_presence,
1368,Medione Fogal Compounding Pharmacy,http://www.medionerx.com/,
1369,Scott Funeral Home - Woodbridge Chapel,https://www.arbormemorial.ca/en/scott-woodbridge.html?utm_source=google&utm_medium=organic&utm_campaign=7130_scott-woodbridge_google-my-business,
1370,Egan Funeral Home,https://www.eganfuneralhome.com/,
1371,Ward Funeral Home,https://www.wardfuneralhomes.com/,
1372,Bernardo Funeral Home (Albion),http://www.bernardofuneralhomes.com/,
1373,DeMarco Funeral Home (Woodbridge Chapel) Inc.,http://demarcofuneralhomes.com/,
1374,Hwy 27 Dental clinic,http://www.dentist27.ca/,
1375,Milani Dentistry,https://milanidentistry.ca/,
1376,Dental Square Brampton,https://dental2.ca/?utm_source=gmb&utm_medium=organic,
1378,Beaumaris Dental Care,https://beaumarisdentalcare.com/?utm_source=google&utm_medium=gbp&utm_campaign=profile,
1379,Riverstone Dental Care,https://www.porterdentistry.ca/,
1380,Regene Care Dental,https://regenecaredental.ca/,
1382,Noor Dental Vaughan,http://noordental.com/,
1383,Marble Dental Centre,https://marbledentalcentre.ca/,
1385,Woodbridge Medical Centre,http://wmcfht.com/,
1386,Rutherford Medical Clinic,http://www.rutherfordmedicalclinic.ca/,
1387,Medical walk-in & cosmetic clinic,https://www.medicalwalkin.ca/,
1388,Ima Physio Centre,https://imaphysiocentre.ca/,
1389,Vellore Woods Veterinary Clinic,https://www.vellorewoodsvetclinic.com/,
1390,West Woodbridge Pet Hospital,https://www.westwoodbridgepethospital.com/,
1391,Kleinburg Veterinary Hospital,http://www.kleinburgvet.ca/,
1392,Dean Veterinary Hospital,http://www.deanveterinaryhospital.ca/,
1393,Vellore Village Pet Hospital,https://www.vellorevillagepethospital.com/?utm_source=google&utm_medium=google_business_profile&utm_campaign=website_click,
1394,North Woodbridge Veterinary Hospital,http://www.northwoodbridgevets.com/,
1395,Sutherland Law,https://sutherlaw.ca/,
1399,Closer to Home Child Care Centre,http://www.closer2home.ca/,
1401,King Academy Child Care Centre,http://kingacademychildcarecentre.ca/,
1402,KIDDY City - Licenced Home Daycare Woodbridge,https://mxwdesign.wixsite.com/kiddy-city,
1403,PLASP Early Learning and Child Care Centre - Pte. Buckam Singh,http://www.plasp.com/,
1404,Club Elite Fitness,https://clubelitefitness.ca/,
1405,Iron 24 Fitness + Recovery,https://gyms.iron24.com/vaughan-on-ca,
1406,National Gym & Fitness Centre,https://nationalgymandfitnesscenter.com/,
1407,Grow Fitness,https://growfitness.ca/,
1408,Life Time,https://www.lifetime.life/locations/on/woodbridge.html?utm_source=google&utm_medium=local&utm_campaign=google-local-club,
1409,Planet Fitness,https://www.planetfitness.ca/gyms/vaughan-woodbridge?utm_medium=organic&utm_source=extnet,
1410,Vellore Village Fitness Centre,https://www.vaughan.ca/residential/recreation-programs-and-fitness/fitness-centres,
1411,Oasis Spa,https://oasissalonspaxhairbysamiiee.square.site/s/appointments,
1413,Indigo Salon & Spa Laser Clinic,http://www.indigosalonandspa.ca/,
1414,Dr. Allyson Tang Optometrist - Vaughan,https://www.drtangeyecare.com/?utm_source=GoogleOrganic&utm_medium=GMBwebsite&utm_campaign=GMBWebsiteLink,
1415,Vaughan Mills Eye Care,https://vaughanmillseyecare.com/,
1416,Promenade Optometric Clinic,https://local.lenscrafters.com/eyedoctors/canada/on/thornhill/one-promenade-circle.html?cid=yext_odLCOD0971-910000146&y_source=1_MjQwNTUxMS03MTUtbG9jYXRpb24ud2Vic2l0ZQ%3D%3D,
1418,"Drpink.ca Eyecare & Esthetics, Myopia Control, Dry Eye Clinic, Ortho-K",https://drpink.cortico.ca/,
1419,Bolton Optometry Clinic,https://www.boltonoptometry.ca/,
1420,Focus Optometry,http://www.focusoptometrybrampton.com/,
1421,Guardian Prima Care Pharmacy,https://www.guardian-ida-remedysrx.ca/en/ontario/woodbridge/prima-care-pharmacy-7011411?utm_source=google&utm_medium=maps&utm_campaign=local_presence,
1422,Pharmacy Care Clinic at Shoppers Drug Mart,https://www.shoppersdrugmart.ca/store-locator/store/6771?lang=en&tab=pharmacist-walk-in-clinic&utm_source=G&utm_medium=lpm&utm_campaign=LPM_SDM,
1423,Rutherford Guardian Drugs,https://www.guardian-ida-remedysrx.ca/en/ontario/woodbridge/rutherford-guardian-pharmacy-7011094,
1424,Shoppers Drug Mart,https://www.shoppersdrugmart.ca/?utm_source=G&utm_medium=lpm&utm_campaign=LPM_SDM,
1425,Loblaw Pharmacy,https://www.pchealth.ca/en/health/pharmacist-consultations/?utm_source=G&utm_medium=LPM&utm_campaign=Loblaws,
1426,Walmart Pharmacy,https://www.walmart.ca/en/cp/pharmacy-services-near-me/6000203002153?utm_source=local&utm_medium=listings&utm_campaign=ph&cmpid=gmb,
1428,Woodbridge Del Sole Compounding Pharmacy,http://www.delsolepharmacy.ca/,
1429,Pharmacy Care Clinic at Shoppers Drug Mart,https://www.shoppersdrugmart.ca/store-locator/store/9688?lang=en&tab=pharmacist-walk-in-clinic&utm_source=G&utm_medium=lpm&utm_campaign=LPM_SDM,
1430,Pine Valley Pharmacy,http://pinevalleypharmacy.ca/,
1431,Mackenzie Pharmacy,https://mackenziepharmacy.com/,
1433,FreshCo Pharmacy Woodbridge,https://freshco.com/store-locator/?utm_source=G&utm_medium=lpm&utm_campaign=Sobeys,
1434,Shoppers Drug Mart,https://www.shoppersdrugmart.ca/store-locator/store/9688?lang=en&utm_source=G&utm_medium=lpm&utm_campaign=LPM_SDM,
1435,PureHealth Pharmacy,https://purehealthpharmacy.com/,
1436,Loblaw Pharmacy,https://www.pchealth.ca/en/health/pharmacist-consultations/?utm_source=G&utm_medium=LPM&utm_campaign=Loblaws,
1437,Pure Alignment Chiropractic and Wellness,https://purealignmentchiropractic.ca/,
1438,Chiropractic Health Care Centre,http://bacdoc.ca/,
1441,Vibrant Life Chiropractic,http://www.vibrantlifechiropractic.com/,
1442,Islington Village Chiropractic Health Centre,https://islingtonvillagechiropractic.com/,
1443,AVID CHIROPRACTIC & PHYSIOTHERAPY,https://www.avidclinic.com/,
1444,Core Health Care,https://www.corecare.ca/?utm_source=GBP&utm_medium=organic,
1445,Fratelli Vescio Funeral Homes Ltd St. Padre Pio Chapel,https://www.vesciofuneralhome.com/,
1446,Westminster Funeral & Reception Centre,https://www.westminsterfuneral.ca/,
1447,Vescio Cremation,https://www.vesciofuneralhome.com/obituary-listing,
1448,Marshall Funeral Home,https://www.arbormemorial.ca/en/marshall.html?utm_source=google&utm_medium=organic&utm_campaign=6220_marshal-funeral_google-my-business,
1449,Peel Car Sales,https://www.peelcarsales.com/?utm_campaign=gmb,
1450,National Auto Sales & Leasing,https://nationalautosales.ca/,
1451,French with sisters,https://frenchwithsisters.com/,
1452,Metro City Dentistry Brampton Dental Clinic,http://www.metrocitydentistry.com/,
1453,"MedCare Clinics @ Riverview Heights (Walk-In Clinic, Family Doctor, Pediatrician, Blood Testing Lab & Women's Health)",http://www.medcareclinics.com/,
1454,Intrepid Medical Centre & Walk-In Clinic Brampton,https://intrepidhealthgroup.com/clinics/walk-in-clinic-and-urgent-care-in-brampton/?utm_source=GMB&utm_medium=organic&utm_campaign=gmb-website,
1455,Physiotherapy First,https://physiotherapyfirst.ca/?utm_source=GBP-Brampton-organic&utm_medium=GBP-Brampton-organic&utm_campaign=GBP-Brampton-organic,
1456,Body Senses Physio & Wellness,http://bodysensesphysio.ca/,
1457,"Gahir & Associates Corporate, Commercial, Business, Wills, Estates, Litigation and Immigration Lawyers",http://www.gahirlaw.com/,
1460,Ravi Gulati Law Office,http://ravigulatilaw.com/,
1461,Bassi & Karimjee LLP Chartered Accountants,http://www.bkllp.ca/,
1462,Elite Corporate Accountants Corp.,https://ec-accountants.com/?page_id=16,
1463,K&A Professional Accounting & Tax Services Inc.,http://www.kaapros.com/,
1464,Goldy Chatha-Re/max Real Estate Centre Inc. Brokerage,http://www.goldychatha.com/,
1465,Jagdeesh Kang Broker,http://homesbykang.com/,
1466,Wee Watch Licensed Home Child Care Brampton,https://www.weewatch.com/parents/child-care-services-brampton?utm_source=google&utm_medium=organic&utm_campaign=local&utm_content=Brampton,
1467,Dream Beauty Laser and Spa Inc.,http://dreambeautysalon.ca/,
1468,"G&G Eye Doctors, Optometry & Optical",https://ggeyedoctors.io/,
1469,Pharmasave Connaught Place,https://www.pharmasaveconnaught.com/,
1470,Dukh Bhanjan Pharmacy,http://www.mylocalrx.ca/,
1471,Rivermont Guardian Compounding Pharmacy (MedCare Drug Mart @ Rivermont Guardian),https://www.medcaredrugmart.com/,
1472,I.D.A. CHAROLAIS PHARMACY,https://www.charolaispharmacy.com/?utm_source=google&utm_medium=maps&utm_campaign=local_presence,
1473,I.D.A. COPPER RIDGE COMPOUNDING PHARMACY,https://www.copperridgepharmacy.ca/?utm_source=google&utm_medium=maps&utm_campaign=local_presence,
1474,Doctor's Choice Rehab,https://www.doctorschoicerehab.ca/,
1475,McKersie & Early Funeral Home Ltd.,https://www.mckersieearly.com/,
1476,Megamind Learning Centre - South West Brampton,https://megamindlearning.com/south-west-brampton-campus.html,
1477,Innovative Learning,https://www.innovativelearning.ca/,
1478,Goreway Dental Centre - Malton,http://gorewaydental.ca/?utm_source=GoogleOrganic&utm_medium=GMBwebsite&utm_campaign=GMBWebsiteLink,
1479,The Tooth Corner,http://toothcorner.com/mississauga-dentist/,
1480,"Dr. Guryadav Dhillon MD, Dhillon medical Centre",https://www.dhillonmedcenter.com/,
1481,Goreway Medical Centre,http://www.maltonmedicalcentre.com/,
1482,Malton Medical Clinic,http://www.maltonmedicalcentre.com/,
1483,Four Corners Health Centre,https://www.wellfort.ca/,
1484,Ontario Health atHome - Brampton Integrated Care Clinic,http://ontariohealthathome.ca/community-care/community-clinics/,
1487,Airport Medical Centre,https://www.airportmedicalhealth.com/,
1488,Daya Medical Centre,https://daya.cortico.ca/,
1492,Airport Medical Health Solutions,http://www.airportmedicalhealth.com/,
1493,PEARSON PHYSIOTHERAPY AND BACK PAIN CLINIC,http://www.pearsonphysio.com/,
1494,Titan Physiotherapy Health (Brampton),http://www.titanphysiotherapy.ca/,
1495,Brampton Physio and Massage,http://bramptonphysioandmassage.ca/,
1496,Lad Physio Clinic,https://book.carepatron.com/Lad-Physiotherapy/Avdhi?p=GMe6FGlXRDOKlcdm9XetZw&s=FVUt8yzS,
1497,Goreway Physiotherapy & Rehabilitation,http://gorewayphysiotherapy.com/,
1498,Humberwood Animal Hospital,http://www.spayneutertoronto.com/,
1499,Infinity Law Firm,http://www.infinitylawfirm.ca/,
1500,Divine Law,https://www.divinelaw.ca/,
1501,Minhas Lawyers Professional Corporation,http://www.minhaslawyers.ca/,
1502,Legal Route,https://www.legalroute.ca/,
1503,GS Brar Law,https://www.gsbrar.law/,
1504,Babbar & Associates Accounting Firm Inc,http://babbaraccountant.com/,
1505,Accountant on Call | Reliable AOC,https://www.reliableaoc.com/,
1506,The Accountants Group,http://tagroup.ca/,
1508,Tax and Accounting Solutions,http://taxandaccountingsolutions.ca/,
1509,AIMS Group - Professional Public Accountants,https://www.aimsgroup.ca/,
1511,Monarch Accounting & Tax Services,https://monarchaccounting.ca/,
1512,Accountaxes,http://accountaxeson.com/,
1513,RAD Accounting and Tax Services,https://www.radtax.ca/,
1514,RC bookkeeping and tax services,http://rcaccountingservices.org/,
1515,HB Accounting & Tax Services,http://www.hbaccounting.ca/,
1516,Arise Accounting and Taxation Services Inc.,http://www.ariseaccounting.ca/,
1517,Skyport Financial Group Inc.,https://skyportfinancialgroup.com/,
1518,Royal LePage Grand Realty,http://www.rlpgrandrealty.com/,
1519,Jag Dhaliwal-Realtor/Broker,https://yourhomelist.ca/,
1520,Ravinder Singh - Real Estate Agent | Royal Canadian Realty,http://www.buyhousewithrav.com/,
1521,Index Realty Brokerage Inc.,http://www.indexrealtybrokerage.com/,
1522,Royal Canadian Realty Brokerage,https://www.royalcanadianrealty.com/,
1523,Harleen Singh- Real Estate Agent - Royal Canadian Realty,http://www.teamprestige.ca/,
1524,"Royal Canadian Realty -Harry Chawla, real estate",https://www.firstmilehomes.ca/,
1525,Remax Realtor Baljit Mand-Best Realtor In Brampton- Top Selling Agent In Brampton.,https://eco-cards.com/baljit-mand/,
1526,LPT Realty - R4U GROUP,http://www.realtors4you.ca/,
1527,Vinod Bansal - Top Real Estate Agent Mississauga,http://www.vinodbansal.com/,
1529,Canada Care Insurance Agency Inc.,https://canadacareinsurance.com/,
1530,Top Choice Insurance,https://topchoiceinsurance.ca/?utm_source=gmb&utm_medium=organic,
1531,AIM Insurance,https://theaim.ca/,
1532,PLASP Child Care Services - Dorset Drive,https://www.plasp.com/SearchForCare?type=0&lid=&sn=Dorset+Drive+P.S.&pt=,
1533,Rainbow Village Day Care Centre,http://rainbowvillagedaycare.com/,
1534,Daisy Blue Childcare Service,https://www.daisybluechildcare.com/,
1535,PLASP Early Learning and Child Care Centre - Lancaster,https://www.plasp.com/SearchForCare?type=0&lid=&sn=lancaster&pt=,
1536,Little Town Childcare and Montessori,http://littletown.ca/,
1537,Albion Health club Fitness,https://www.toronto.ca/explore-enjoy/parks-recreation/places-spaces/parks-and-recreation-facilities/location/?id=893&title=Albion-Pool-and-Health-Club,
1538,Fit4Less,https://www.fit4less.ca/locations/provinces/ontario/mississauga/mississauga-westwood?utm_source=G&utm_medium=lpm&utm_campaign=fit4less,
1539,Malton Community Centre,https://web.mississauga.ca/recreation-and-sports/locations/malton-community-centre/,
1540,Humber College Fitness Centre North Campus,https://humber.ca/student-life/swac/fitness,
1542,Aujla Salon & Spa,http://aujlasalonspa.com/,
1545,Levana Wellness Spa - Premium Wellness & Spa Center in Brampton,https://levanawellnessspa.com/,
1547,The Optical Store,http://www.theopticalstore.ca/,
1548,Birring Eyecare – Mississauga Optometrist,http://www.birringeyecare.com/,
1549,Dr. Archie Chung & Associates (Woodbine Mall),https://www.chungandtseeyecare.com/en,
1550,Dr Bansal Eye Doctor Optometrist,http://www.maltoneyedoctor.ca/,
1551,Dhaliwal Pharmacy,https://dhaliwalpharmacy.com/,
1552,Goreway Medical Pharmacy,https://gorewaypharmacy.ca/,
1553,Drewport Pharmacy (Pharmachoice),http://www.pharmachoice.com/on/drewport,
1554,Total Health Pharmacy | Etobicoke,https://www.thpharmacy140.com/,
1555,SuperHealth PharmaChoice,http://pharmachoice.com/,
1556,Shoppers Drug Mart,https://www.shoppersdrugmart.ca/en/store-locator/store/1376/?utm_source=G&utm_medium=lpm&utm_campaign=LPM_SDM,
1557,Performance Therapeutic Care,http://ptcare.ca/,
1558,Malton Pain and Rehabilitation Clinic,http://www.maltonpainandrehab.com/,
1559,"PinPoint Health Humber/Rexdale (Previously: Humber Family- Chiropractic, Massage & Orthotics)",https://www.pinpointhealth.ca/location/etobicoke-humber/,
1560,Humber Valley Chiropractic,http://humbervalleychiropractic.com/,
1561,Delmoro Funeral Home,https://www.dignitymemorial.com/en-ca/funeral-homes/ontario/toronto/delmoro-funeral-home/3773?utm_source=google_my_business&utm_medium=organic,
1562,Ward Funeral Home,https://www.wardfuneralhomes.com/,
1564,Auto District,https://www.autodistrict.ca/,
1565,Speedway Motors (Mississauga),https://www.speedwaymotorscanada.com/,
1566,Learning Genius Academy,http://www.learninggeniusacademy.com/,
1567,Easy Tutoring,http://www.easytutoring.ca/,
1568,Prism Dental,https://www.prismdental.ca/,
1569,The Smile Company Dental Centre Brampton,https://www.thesmilecompany.ca/?utm_source=GMB_Listing&utm_medium=organic&utm_campaign=Website_URL,
1570,Kennedy North Dentistry - Caledon,https://kennedynorthdentistry.ca/?utm_source=GoogleOrganic&utm_medium=GMBwebsite&utm_campaign=GMBWebsiteLink,
1571,Apex Urgent Care,https://apexurgentcareclinic.ca/,
1572,Inglewood Veterinary Clinic,http://www.inglewoodvetclinic.com/,
1573,Cheltenham Veterinary Centre,http://cheltenhamvet.ca/,
1575,Renu Sandhu Real Estate,http://www.renusandhu.com/,
1577,Caledon Optometry Clinic,http://www.caledonoptometry.com/,
1578,Caledon Compounding Pharmacy PharmaChoice,https://www.pharmachoice.com/locations/caledon-compounding-pharmacy/,
1580,Guardian CALEDON EAST PHARMACY,https://www.guardian-ida-remedysrx.ca/en/ontario/caledon/caledon-east-pharmacy-7065377?utm_source=google&utm_medium=maps&utm_campaign=local_presence,
1582,Vescio Funeral Homes Inc,https://www.fratellivesciofuneralhomes.com/,
1583,High Grade Tutors,http://www.highgradetutors.ca/,
