Statement Period,Date,Description,Withdrawal (CAD),Deposit (CAD),Balance (CAD)
2026-03-21 to 2026-04-20,2026-03-21,Opening Balance,,,1941.13
2026-03-21 to 2026-04-20,2026-03-24,Point of sale purchase - Fpos # Desi Toronto ONCA,21.74,,1919.39
2026-03-21 to 2026-04-20,2026-03-26,Misc. payment - Fit4less by GoodLife,15.81,,1903.58
2026-03-21 to 2026-04-20,2026-03-27,Payroll dep. - Intelcom Courrier Canada Incpt,,1742.38,3645.96
2026-03-21 to 2026-04-20,2026-04-02,Loans - TD ON-Line Loans System,168.86,,3477.1
2026-03-21 to 2026-04-20,2026-04-04,Withdrawal - 83077057 Free Interac E-Transfer,2250,,1227.1
2026-03-21 to 2026-04-20,2026-04-09,Misc. payment - Fit4less by GoodLife,15.81,,1211.29
2026-03-21 to 2026-04-20,2026-04-10,Payroll dep. - Intelcom Courrier Canada Incpt,,1742.38,2953.67
2026-03-21 to 2026-04-20,2026-04-10,Credit Card/LOC payment,7.77,,2945.9
2026-03-21 to 2026-04-20,2026-04-16,Loans - TD ON-Line Loans System,168.86,,2777.04
2026-03-21 to 2026-04-20,2026-04-16,Misc. payment - MBNA,167.86,,2609.18
2026-03-21 to 2026-04-20,2026-04-20,Service charge - Monthly Fees,3.95,,2605.23
2026-03-21 to 2026-04-20,2026-04-20,Closing Balance,,,2605.23
2026-04-21 to 2026-05-20,2026-04-21,Opening Balance,,,2605.23
2026-04-21 to 2026-05-20,2026-04-23,Misc. payment - Fit4less by GoodLife,15.81,,2589.42
2026-04-21 to 2026-05-20,2026-04-24,Payroll dep. - Intelcom Courrier Canada Incpt,,1742.38,4331.8
2026-04-21 to 2026-05-20,2026-04-28,Bill payment - TD VISA,94,,4237.8
2026-04-21 to 2026-05-20,2026-04-28,MB-Bill payment - Brim Financial,8.25,,4229.55
2026-04-21 to 2026-05-20,2026-04-28,Withdrawal - 43239630 Free Interac E-Transfer MB,1000,,3229.55
2026-04-21 to 2026-05-20,2026-04-30,Loans - TD ON-Line Loans System,168.86,,3060.69
2026-04-21 to 2026-05-20,2026-05-04,Withdrawal - 58894251 Free Interac E-Transfer,750,,2310.69
2026-04-21 to 2026-05-20,2026-05-05,Misc. payment - Paypal,2.81,,2307.88
2026-04-21 to 2026-05-20,2026-05-07,Credit Card/LOC payment,10.11,,2297.77
2026-04-21 to 2026-05-20,2026-05-07,Misc. payment - Fit4less by GoodLife,15.81,,2281.96
2026-04-21 to 2026-05-20,2026-05-08,Payroll dep. - Intelcom Courrier Canada Incpt,,1742.38,4024.34
2026-04-21 to 2026-05-20,2026-05-14,Loans - TD ON-Line Loans System,168.86,,3855.48
2026-04-21 to 2026-05-20,2026-05-16,Withdrawal - 92135269 Free Interac E-Transfer,719.64,,3135.84
2026-04-21 to 2026-05-20,2026-05-19,Misc. payment - MBNA,178.62,,2957.22
2026-04-21 to 2026-05-20,2026-05-20,Service charge - Monthly Fees,3.95,,2953.27
2026-04-21 to 2026-05-20,2026-05-20,Closing Balance,,,2953.27
2026-05-21 to 2026-06-20,2026-05-21,Opening Balance,,,2953.27
2026-05-21 to 2026-06-20,2026-05-21,Misc. payment - Fit4less by GoodLife,15.81,,2937.46
2026-05-21 to 2026-06-20,2026-05-22,Payroll dep. - Intelcom Courrier Canada Incpt,,1789.14,4726.6
2026-05-21 to 2026-06-20,2026-05-23,Withdrawal - 07861715 Free Interac E-Transfer,600,,4126.6
2026-05-21 to 2026-06-20,2026-05-25,Withdrawal - 09929809 Free Interac E-Transfer,1200,,2926.6
2026-05-21 to 2026-06-20,2026-05-27,Misc. payment - Paypal,1.13,,2925.47
2026-05-21 to 2026-06-20,2026-05-28,Loans - TD ON-Line Loans System,168.86,,2756.61
2026-05-21 to 2026-06-20,2026-06-04,Misc. payment - Fit4less by GoodLife,15.81,,2740.8
2026-05-21 to 2026-06-20,2026-06-05,Payroll dep. - Intelcom Courrier Canada Incpt,,1764.62,4505.42
2026-05-21 to 2026-06-20,2026-06-08,Withdrawal - 51131801 Free Interac E-Transfer,2250,,2255.42
2026-05-21 to 2026-06-20,2026-06-09,Misc. payment - Paypal,2.81,,2252.61
2026-05-21 to 2026-06-20,2026-06-10,Credit Card/LOC payment,14.36,,2238.25
2026-05-21 to 2026-06-20,2026-06-11,Loans - TD ON-Line Loans System,168.86,,2069.39
2026-05-21 to 2026-06-20,2026-06-15,Misc. payment - MBNA,178.89,,1890.5
2026-05-21 to 2026-06-20,2026-06-16,Point of sale purchase - Fpos Pres/Rxqgwnd9Q6,13.67,,1876.83
2026-05-21 to 2026-06-20,2026-06-16,Error correction - Fpos Pres/Rxqgwnd9Q6 Toronto ONCA,,13.67,1890.5
2026-05-21 to 2026-06-20,2026-06-16,Point of sale purchase - Fpos Pres/Rxqgwnd9Q6 Toronto ONCA,8.04,,1882.46
2026-05-21 to 2026-06-20,2026-06-16,Point of sale purchase - Fpos Pres/Rxrfwb25xz,3.3,,1879.16
2026-05-21 to 2026-06-20,2026-06-16,Point of sale purchase - Fpos Kibo Market Union Toronto ONCA,13.5,,1865.66
2026-05-21 to 2026-06-20,2026-06-16,Point of sale purchase - Fpos Pres/Rxrnxmllf7,13.02,,1852.64
2026-05-21 to 2026-06-20,2026-06-16,Error correction - Fpos Pres/Rxrnxmllf7 Toronto ONCA,,13.02,1865.66
2026-05-21 to 2026-06-20,2026-06-16,Point of sale purchase - Fpos Pres/Rxrnxmllf7 Toronto ONCA,4.02,,1861.64
2026-05-21 to 2026-06-20,2026-06-16,Misc. payment - Paypal,67.79,,1793.85
2026-05-21 to 2026-06-20,2026-06-18,Misc. payment - Paypal,1.13,,1792.72
2026-05-21 to 2026-06-20,2026-06-18,Misc. payment - Fit4less by GoodLife,15.81,,1776.91
2026-05-21 to 2026-06-20,2026-06-19,Payroll dep. - Intelcom Courrier Canada Incpt,,1766.19,3543.1
2026-05-21 to 2026-06-20,2026-06-19,Withdrawal - 78461445 Free Interac E-Transfer,10,,3533.1
2026-05-21 to 2026-06-20,2026-06-19,MB-Transfer to Credit Card,677.48,,2855.62
2026-05-21 to 2026-06-20,2026-06-19,MB-Bill payment - Triangle Mastercard,2000,,855.62
2026-05-21 to 2026-06-20,2026-06-20,Service charge - Monthly Fees,3.95,,851.67
2026-05-21 to 2026-06-20,2026-06-20,Closing Balance,,,851.67
