Statement Date,Transaction Date,Posting Date,Card Ending,Activity Description,Amount ($)
2026-04-20,2026-03-20,2026-03-23,1234,IC INSTACART HALIFAX MID-HNS,39.29
2026-04-20,2026-03-20,2026-03-23,1234,IC INSTACART HALIFAX MID-HNS,15.71
2026-04-20,2026-03-20,2026-03-23,1234,IC INSTACART HALIFAX MID-HNS,3.12
2026-04-20,2026-03-28,2026-03-28,1234,IC INSTACART HALIFAX MID-HNS,170.98
2026-04-20,2026-03-28,2026-03-30,1234,APPLE.COM/BILL TORONTO ON,2.81
2026-04-20,2026-03-31,2026-03-31,1234,FREEDOM MOBILE TORONTO ON,115.44
2026-04-20,2026-04-01,2026-04-02,1234,GOOGLE CLOUD X45X57 CC GOOGLE.COMNS,0.03
2026-04-20,2026-04-11,2026-04-13,1234,IC INSTACART HALIFAX MID-HNS,30.26
2026-04-20,2026-04-13,2026-04-14,1234,IC INSTACART HALIFAX MID-HNS,179.1
2026-04-20,2026-04-20,2026-04-20,1234,INTEREST CHARGES,42.18
2026-05-20,2026-04-28,2026-04-29,1234,CTFS.COM/PAYMENTS OAKVILLE ON,-1000.0
2026-05-20,2026-05-01,2026-05-04,1234,GOOGLE CLOUD VQR46H CC GOOGLE.COMNS,0.03
2026-05-20,2026-05-06,2026-05-07,1234,IC INSTACART HALIFAX MID-HNS,37.7
2026-05-20,2026-05-06,2026-05-07,1234,IC INSTACART HALIFAX MID-HNS,0.17
2026-05-20,2026-05-09,2026-05-11,1234,aliexpress Toronto ON,20.44
2026-05-20,2026-05-09,2026-05-11,1234,aliexpress Toronto ON,1.38
2026-05-20,2026-05-09,2026-05-11,1234,aliexpress Toronto ON,109.89
2026-05-20,2026-05-10,2026-05-11,1234,SHEIN.COM Toronto ON,23.74
2026-05-20,2026-05-10,2026-05-11,1234,SHEIN.COM Toronto ON,45.07
2026-05-20,2026-05-12,2026-05-12,1234,AMZN Mktp CA BF31H7EV1 TORONTO ON,25.38
2026-05-20,2026-05-12,2026-05-12,1234,AMZN Mktp CA 3T9ET8QC3 TORONTO ON,12.4
2026-05-20,2026-05-14,2026-05-14,1234,aliexpress Toronto ON,14.67
2026-05-20,2026-05-14,2026-05-15,1234,SQ WF SUPPLY Brampton ON,28.24
2026-05-20,2026-05-15,2026-05-18,1234,TIM HORTONS #6975 BRAMPTON ON,2.1
2026-05-20,2026-05-15,2026-05-18,1234,PLAY IT AGAIN SPORTS B BRAMPTON ON,88.11
2026-05-20,2026-05-16,2026-05-18,1234,IC INSTACART HALIFAX MID-HNS,44.26
2026-05-20,2026-05-16,2026-05-18,1234,IC INSTACART HALIFAX MID-HNS,143.59
2026-05-20,2026-05-17,2026-05-18,1234,TST-Ambarsari Kulcha Brampton ON,45.09
2026-05-20,2026-05-17,2026-05-18,1234,THE FRESH JUICE SHOP I BRADFORD ON,3.45
2026-05-20,2026-05-19,2026-05-20,1234,SHEIN.COM Toronto ON,21.51
2026-05-20,2026-05-20,2026-05-20,1234,INTEREST CHARGES,37.51
2026-06-20,2026-05-20,2026-05-21,1234,SHEIN.COM Toronto ON,64.04
2026-06-20,2026-05-19,2026-05-21,1234,DIXIE MART LANGSTAFF 3 VAUGHAN ON,59.92
2026-06-20,2026-05-22,2026-05-22,1234,FREEDOM MOBILE TORONTO ON,114.0
2026-06-20,2026-05-23,2026-05-25,1234,TST-Nawabs Legendary Brampton ON,29.7
2026-06-20,2026-05-22,2026-05-25,1234,SQ CHATORI GALI AT KE Brampton ON,12.72
2026-06-20,2026-05-23,2026-05-25,1234,IC INSTACART HALIFAX MID-HNS,7.76
2026-06-20,2026-05-23,2026-05-25,1234,DOORDASHFOODBASICS DOWNTOWN TOROON,59.17
2026-06-20,2026-05-24,2026-05-25,1234,SQ DELHI MOMOS - DOWN Toronto ON,3.38
2026-06-20,2026-05-24,2026-05-25,1234,SQ *KULHAD CHAI BAR Brampton ON,18.05
2026-06-20,2026-05-24,2026-05-25,1234,TIM HORTONS #6975 BRAMPTON ON,12.85
2026-06-20,2026-05-25,2026-05-26,1234,TST-Arusuvai Kitchen Brampton ON,56.47
2026-06-20,2026-05-25,2026-05-26,1234,PETRO-CANADA 34161 BRAMPTON ON,41.92
2026-06-20,2026-05-28,2026-05-29,1234,TIM HORTONS #8479 CONCORD ON,6.31
2026-06-20,2026-05-29,2026-06-01,1234,DOORDASHSTREETBITEZ DOWNTOWN TOROON,15.74
2026-06-20,2026-05-29,2026-06-01,1234,TIM HORTONS #8479 CONCORD ON,6.19
2026-06-20,2026-05-30,2026-06-01,1234,OSMOWS APP-179 WOODBRIDGE ON,14.68
2026-06-20,2026-05-31,2026-06-01,1234,Gupshup BRAMPTON ON,19.16
2026-06-20,2026-06-01,2026-06-02,1234,GOOGLE CLOUD WM3ZMZ CC GOOGLE.COMNS,0.03
2026-06-20,2026-06-02,2026-06-03,1234,GREEN PEPPER BRAMPTON ON,42.04
2026-06-20,2026-06-06,2026-06-08,1234,TIM HORTONS #0556 BRAMPTON ON,5.79
2026-06-20,2026-06-09,2026-06-10,1234,POPULAR PIZZA BRAMPTON ON,4.5
2026-06-20,2026-06-09,2026-06-10,1234,POPULAR PIZZA BRAMPTON ON,1.25
2026-06-20,2026-06-10,2026-06-12,1234,FREEDOM MOBILE BRAMPTON ON,11.29
2026-06-20,2026-06-12,2026-06-12,1234,DOORDASHMACSSUSHI DOWNTOWN TOROON,36.83
2026-06-20,2026-06-12,2026-06-15,1234,TIM HORTONS #8479 CONCORD ON,9.45
2026-06-20,2026-06-14,2026-06-15,1234,OSMOWS BRAMPTON ON,12.42
2026-06-20,2026-06-14,2026-06-15,1234,TIM HORTONS #6975 BRAMPTON ON,8.46
2026-06-20,2026-06-15,2026-06-16,1234,IC INSTACART HALIFAX MID-HNS,146.64
2026-06-20,2026-06-15,2026-06-16,1234,SQ CHATORI GALI AT KE Brampton ON,22.8
2026-06-20,2026-06-16,2026-06-17,1234,TIM HORTONS #6591 TORONTO ON,4.74
2026-06-20,2026-06-16,2026-06-17,1234,TIM HORTONS #9436 TORONTO ON,4.19
2026-06-20,2026-06-17,2026-06-17,1234,DOORDASHARUSUVAIKIT DOWNTOWN TOROON,23.7
2026-06-20,2026-06-18,2026-06-19,1234,IC INSTACART HALIFAX MID-HNS,45.08
2026-06-20,2026-06-19,2026-06-18,1234,IC INSTACART HALIFAX MID-HNS,0.62
2026-06-20,2026-06-19,2026-06-18,1234,TIM HORTONS #0556 BRAMPTON ON,4.72
2026-06-20,2026-06-20,2026-06-20,1234,INTEREST CHARGES,44.41
